"","anon_id","Date","Day.of.the.Week","Month","Month.with.Number","Year","Date.Reverse","Session.Date","Sport","Position","Index","Index.Today","L..Hamstring.Max.Force","L..Hamstring.Max.Force...Year","R..Hamstring.Max.Force","R..Hamstring.Max.Force...Year","Hamstring.Avg..Imbalance","Hamstring.Avg..Imbalance...Year","L..Eccentric.Mean.Force","L..Eccentric.Mean.Force...Year","R..Eccentric.Mean.Force","R..Eccentric.Mean.Force...Year","Eccentric.Mean.Force.Asym","Eccentric.Mean.Force.Asym...Year","L..Concentric.Mean.Force","L..Concentric.Mean.Force...Year","R..Concentric.Mean.Force","R..Concentric.Mean.Force...Year","Concentric.Mean.Force.Asym","Concentric.Mean.Force.Asym...Year","CMJ.Landing.Asym.","CMJ.Landing.Asym....Year","CMJ.Jump.Height","CMJ.Jump.Height...Year","L..Groin.Max.Force","L..Groin.Max.Force...Year","R..Groin.Max.Force","R..Groin.Max.Force...Year","Groin.Avg..Imbalance","Groin.Avg..Imbalance...Year","L..Glute.Max.Force","L..Glute.Max.Force...Year","R..Glute.Max.Force","R..Glute.Max.Force...Year","Glute.Avg..Imbalance","Glute.Avg..Imbalance...Year","Relative.Peak.Power","Relative.Peak.Power...Year","CMJ.Peak.Force","CMJ.Peak.Force...Year","IMTP.Peak.Force","IMTP.Peak.Force...Year","Mean.RSI","Mean.RSI...Year","L..CMJ.Landing","L..CMJ.Landing...Year","R..CMJ.Landing","R..CMJ.Landing...Year"
"1","ID_143","8/9/2024","Fri","Aug","8-Aug",2024,"8/9/2024","8/9/2024","FOOTBALL","WR",1,1,426,320,455,318,12,7,349,351,404,406,17,NA,927,898,1030,1020,10,12,31,16,0,56,NA,295,NA,306,NA,4,NA,351,NA,359,NA,2,82,80,1957,1925,NA,NA,NA,NA,2527,2364,3435,2767
"2","ID_509","8/9/2024","Fri","Aug","8-Aug",2024,"8/9/2024","8/9/2024","FOOTBALL","DB",1,1,NA,443,NA,453,NA,5,432,406,364,398,-11,NA,867,884,1007,980,14,10,-8,1,60,53,NA,NA,NA,NA,NA,NA,NA,NA,NA,NA,NA,NA,77,71,1884,1881,NA,NA,NA,NA,5908,4230,4334,4269
"3","ID_6","8/9/2024","Fri","Aug","8-Aug",2024,"8/9/2024","8/9/2024","FOOTBALL","RB",1,1,350,397,380,395,8,6,416,455,393,402,-9,NA,980,936,987,947,1,2,11,-4,0,41,NA,NA,NA,NA,NA,NA,NA,NA,NA,NA,NA,NA,61,61,2001,1878,3031,2864,NA,NA,2473,2391,3422,2298
"4","ID_18","8/9/2024","Fri","Aug","8-Aug",2024,"8/9/2024","8/9/2024","FOOTBALL","WR",1,1,512,515,466,455,9,16,435,446,496,452,12,NA,975,993,903,911,-7,-8,26,6,51,45,NA,350,NA,348,NA,1,NA,521,NA,510,NA,2,59,60,1878,1934,NA,NA,NA,NA,3089,3780,4157,4107
"5","ID_32","8/9/2024","Fri","Aug","8-Aug",2024,"8/9/2024","8/9/2024","FOOTBALL","LB",1,1,330,444,250,380,24,15,1054,764,1378,960,2,NA,1131,1108,1231,1179,8,6,-7,1,0,9,500,500,490,490,2,2,525,525,569,569,8,8,125,92,2425,2318,3496,3260,NA,NA,2802,2684,2604,2559
"6","ID_34","8/9/2024","Fri","Aug","8-Aug",2024,"8/9/2024","8/9/2024","FOOTBALL","TE",1,1,618,618,625,625,2,2,508,539,573,547,5,NA,1097,1114,1150,1077,5,-3,12,0,0,18,NA,NA,NA,NA,NA,NA,NA,NA,NA,NA,NA,NA,61,58,2247,2210,3960,3541,NA,NA,3197,3675,3172,3238
"7","ID_63","8/9/2024","Fri","Aug","8-Aug",2024,"8/9/2024","8/9/2024","FOOTBALL","DL",1,1,683,683,790,790,12,12,746,746,631,631,-7,NA,1164,1164,1286,1286,9,9,-9,-9,29,29,571,571,650,650,12,12,619,619,545,545,12,12,38,38,2450,2450,NA,NA,NA,NA,2512,2512,2168,2168
"8","ID_53","8/9/2024","Fri","Aug","8-Aug",2024,"8/9/2024","8/9/2024","FOOTBALL","OL",1,1,413,391,409,401,0,1,761,678,666,724,-6,NA,1519,1445,1479,1463,-3,1,-22,-6,44,41,NA,637,NA,683,NA,7,NA,517,NA,519,NA,1,61,63,2999,2917,NA,NA,NA,NA,5712,3829,4260,3781
"9","ID_58","8/9/2024","Fri","Aug","8-Aug",2024,"8/9/2024","8/9/2024","FOOTBALL","WR",1,1,416,375,400,344,3,7,NA,375,NA,335,NA,NA,NA,844,NA,804,NA,-5,NA,3,NA,52,NA,100,NA,89,NA,11,NA,320,NA,305,NA,5,NA,74,NA,1672,NA,NA,NA,NA,NA,2659,NA,3045
"10","ID_60","8/9/2024","Fri","Aug","8-Aug",2024,"8/9/2024","8/9/2024","FOOTBALL","DL",1,1,691,636,669,621,3,3,NA,616,NA,598,NA,NA,NA,1266,NA,1216,NA,-4,NA,-17,NA,33,NA,NA,NA,NA,NA,NA,NA,NA,NA,NA,NA,NA,NA,54,NA,2535,NA,NA,NA,NA,NA,4084,NA,3226
"11","ID_62","8/9/2024","Fri","Aug","8-Aug",2024,"8/9/2024","8/9/2024","FOOTBALL","DB",1,1,419,398,517,524,17,23,423,414,464,458,11,NA,959,953,1059,1028,9,7,-15,-18,53,51,NA,NA,NA,NA,NA,NA,NA,NA,NA,NA,NA,NA,63,61,2019,1987,NA,NA,NA,NA,2342,4527,1872,3912
"12","ID_82","8/9/2024","Fri","Aug","8-Aug",2024,"8/9/2024","8/9/2024","FOOTBALL","OL",1,1,319,527,244,442,24,17,NA,613,NA,815,NA,NA,NA,1186,NA,1454,NA,18,NA,24,NA,24,NA,328,NA,297,NA,9,NA,463,NA,491,NA,6,NA,43,NA,2700,NA,NA,NA,NA,NA,3102,NA,3948
"13","ID_237","8/9/2024","Fri","Aug","8-Aug",2024,"8/9/2024","8/9/2024","FOOTBALL","DB",1,1,NA,334,NA,336,NA,2,413,412,466,440,5,NA,928,882,935,891,1,1,-2,9,0,43,NA,NA,NA,NA,NA,NA,NA,NA,NA,NA,NA,NA,53,57,1863,1796,NA,NA,NA,NA,5553,3380,5289,3635
"14","ID_86","8/9/2024","Fri","Aug","8-Aug",2024,"8/9/2024","8/9/2024","FOOTBALL","WR",1,1,207,314,302,332,32,16,443,430,415,419,-4,NA,881,814,1052,1115,16,26,10,24,42,36,NA,NA,NA,NA,NA,NA,NA,NA,NA,NA,NA,NA,70,65,1968,1983,NA,NA,NA,NA,2257,1992,2314,2449
"15","ID_94","8/9/2024","Fri","Aug","8-Aug",2024,"8/9/2024","8/9/2024","FOOTBALL","OL",1,1,452,435,438,421,2,2,599,548,661,621,9,NA,1411,1234,1349,1251,-4,0,-3,-4,47,41,NA,NA,NA,NA,NA,NA,NA,NA,NA,NA,NA,NA,63,2163,2760,2535,NA,NA,NA,NA,5222,5378,4424,5227
"16","ID_292","8/9/2024","Fri","Aug","8-Aug",2024,"8/9/2024","8/9/2024","FOOTBALL","LB",1,1,467,429,463,430,0,3,550,538,531,516,-3,NA,1048,1058,1034,1060,-1,0,6,-6,0,36,NA,NA,NA,NA,NA,NA,NA,NA,NA,NA,NA,NA,52,55,2082,2135,4240,3675,NA,NA,2296,2235,2231,2118
"17","ID_11","8/9/2024","Fri","Aug","8-Aug",2024,"8/9/2024","8/9/2024","FOOTBALL","OL",1,1,642,607,588,557,9,8,625,616,720,699,12,NA,1356,1288,1385,1277,2,-1,-37,0,40,37,NA,NA,NA,NA,NA,NA,NA,NA,NA,NA,NA,NA,56,54,2741,2575,NA,NA,NA,NA,3941,3636,3246,3513
"18","ID_298","8/9/2024","Fri","Aug","8-Aug",2024,"8/9/2024","8/9/2024","FOOTBALL","QB",1,1,434,356,475,381,9,7,479,472,447,448,-1,NA,1117,977,1142,982,2,0,-1,4,45,39,NA,NA,NA,NA,NA,NA,NA,NA,NA,NA,NA,NA,70,61,2259,1991,NA,NA,NA,NA,3948,2969,4114,3091
"19","ID_35","8/9/2024","Fri","Aug","8-Aug",2024,"8/9/2024","8/9/2024","FOOTBALL","DL",1,1,353,353,422,422,13,13,613,607,723,690,9,NA,1495,1410,1455,1429,-3,1,-18,-2,47,48,427,427,421,421,2,2,497,497,494,494,1,1,66,65,2949,2839,NA,NA,NA,NA,4475,3409,4599,3305
"20","ID_95","8/9/2024","Fri","Aug","8-Aug",2024,"8/9/2024","8/9/2024","FOOTBALL","DB",1,1,476,473,471,456,1,4,532,638,299,402,-44,NA,1224,1155,1087,1057,-11,-8,-31,-19,53,39,584,584,570,570,3,3,486,486,501,501,3,3,78,85,2311,2256,NA,NA,NA,NA,3737,3511,2584,2720
"21","ID_36","8/9/2024","Fri","Aug","8-Aug",2024,"8/9/2024","8/9/2024","FOOTBALL","DL",1,1,779,779,798,798,8,8,579,579,605,605,10,NA,1385,1385,1327,1327,-4,-4,-50,-50,55,55,NA,NA,NA,NA,NA,NA,NA,NA,NA,NA,NA,NA,65,65,2733,2733,NA,NA,NA,NA,5869,5869,2693,2693
"22","ID_48","8/9/2024","Fri","Aug","8-Aug",2024,"8/9/2024","8/9/2024","FOOTBALL","OL",1,1,747,747,545,545,28,28,706,706,799,799,2,NA,1533,1533,1389,1389,-9,-9,18,18,29,29,607,607,571,571,6,6,579,579,575,575,1,1,46,46,2921,2921,NA,NA,NA,NA,3808,3808,4036,4036
"23","ID_56","8/9/2024","Fri","Aug","8-Aug",2024,"8/9/2024","8/9/2024","FOOTBALL","DB",1,1,238,206,419,346,44,42,392,479,384,501,-5,NA,716,721,907,970,21,24,-10,-3,52,42,281,281,288,288,3,3,352,352,334,334,5,5,68,74,1623,1746,NA,NA,NA,NA,3822,3018,4009,3410
"24","ID_59","8/9/2024","Fri","Aug","8-Aug",2024,"8/9/2024","8/9/2024","FOOTBALL","RB",1,1,505,505,499,499,1,1,512,515,399,388,-14,NA,1054,1023,1151,1128,8,9,-6,5,0,24,458,458,433,433,6,6,445,445,429,429,4,4,70,70,2205,2194,2408,2595,NA,NA,3198,3122,3038,3253
"25","ID_61","8/9/2024","Fri","Aug","8-Aug",2024,"8/9/2024","8/9/2024","FOOTBALL","WR",1,1,463,463,511,511,5,5,455,482,467,593,0,NA,1022,1124,1030,1120,1,0,11,20,52,47,396,396,414,414,4,4,427,427,390,390,9,9,73,82,2052,2260,NA,NA,NA,NA,4325,4525,5557,5606
"26","ID_66","8/9/2024","Fri","Aug","8-Aug",2024,"8/9/2024","8/9/2024","FOOTBALL","LB",1,1,498,498,533,533,7,7,503,496,503,503,0,NA,1070,1027,1084,1021,1,-1,-24,-19,0,15,NA,NA,NA,NA,NA,NA,NA,NA,NA,NA,NA,NA,49,49,2154,2048,3304,3418,NA,NA,2374,2909,1800,2118
"27","ID_69","8/9/2024","Fri","Aug","8-Aug",2024,"8/9/2024","8/9/2024","FOOTBALL","Specialist",1,1,444,444,363,363,18,18,835,673,1167,822,25,NA,1149,1125,1205,1175,5,4,24,25,0,19,440,440,470,470,7,7,487,487,502,502,3,3,108,82,2354,2301,NA,NA,NA,NA,2079,2111,3642,3320
"28","ID_71","8/9/2024","Fri","Aug","8-Aug",2024,"8/9/2024","8/9/2024","FOOTBALL","DB",1,1,304,304,350,350,16,16,369,376,401,386,1,NA,812,760,817,774,1,2,-18,-14,50,49,NA,NA,NA,NA,NA,NA,NA,NA,NA,NA,NA,NA,62,62,1629,1534,NA,NA,NA,NA,2718,2535,1715,2018
"29","ID_74","8/9/2024","Fri","Aug","8-Aug",2024,"8/9/2024","8/9/2024","FOOTBALL","DB",1,1,253,253,240,240,2,2,268,261,311,314,16,NA,627,628,589,604,-6,-4,-4,-2,0,29,NA,NA,NA,NA,NA,NA,NA,NA,NA,NA,NA,NA,56,58,1249,1249,NA,NA,NA,NA,2285,2766,2554,2808
"30","ID_76","8/9/2024","Fri","Aug","8-Aug",2024,"8/9/2024","8/9/2024","FOOTBALL","DL",1,1,457,457,475,475,3,3,550,578,574,567,1,NA,1094,1083,1029,1037,-6,-4,1,15,32,32,NA,NA,NA,NA,NA,NA,NA,NA,NA,NA,NA,NA,48,46,2123,2159,NA,NA,NA,NA,4086,3359,4262,4514
"31","ID_79","8/9/2024","Fri","Aug","8-Aug",2024,"8/9/2024","8/9/2024","FOOTBALL","Specialist",1,1,368,368,322,322,10,10,333,333,463,463,32,NA,1050,1050,1036,1036,-1,-1,-12,-12,35,35,406,406,395,395,3,3,368,368,377,377,3,3,60,60,2087,2087,NA,NA,NA,NA,3395,3395,2957,2957
"32","ID_83","8/9/2024","Fri","Aug","8-Aug",2024,"8/9/2024","8/9/2024","FOOTBALL","TE",1,1,481,415,450,407,7,4,553,746,521,825,-3,NA,1223,1291,838,1245,-32,-4,-10,11,0,13,566,566,573,573,1,1,500,500,548,548,9,9,48,73,2148,2710,3454,3001,NA,NA,2102,1742,2472,2222
"33","ID_85","8/9/2024","Fri","Aug","8-Aug",2024,"8/9/2024","8/9/2024","FOOTBALL","LB",1,1,314,301,371,363,15,17,399,405,587,728,32,NA,1070,1092,1238,1281,14,14,-28,20,0,20,NA,NA,NA,NA,NA,NA,NA,NA,NA,NA,NA,NA,66,75,2308,2399,3029,2853,NA,NA,2418,1846,1742,2455
"34","ID_87","8/9/2024","Fri","Aug","8-Aug",2024,"8/9/2024","8/9/2024","FOOTBALL","RB",1,1,428,369,471,432,14,16,422,410,486,572,18,NA,898,932,1032,1131,13,17,22,28,0,17,392,392,436,436,10,10,483,483,485,485,0,0,60,70,1995,2104,3069,2473,NA,NA,3104,2497,5250,3617
"35","ID_89","8/9/2024","Fri","Aug","8-Aug",2024,"8/9/2024","8/9/2024","FOOTBALL","WR",1,1,339,339,333,333,3,3,440,376,408,469,0,NA,933,939,1086,1077,14,13,15,13,57,47,339,339,347,347,2,2,486,486,467,467,4,4,80,72,2110,2031,NA,NA,NA,NA,3270,3383,5056,4061
"36","ID_92","8/9/2024","Fri","Aug","8-Aug",2024,"8/9/2024","8/9/2024","FOOTBALL","WR",1,1,440,440,370,370,13,13,492,475,454,465,-11,NA,1129,1169,1078,1103,-5,-6,6,4,39,40,NA,NA,NA,NA,NA,NA,NA,NA,NA,NA,NA,NA,64,63,2405,2324,NA,NA,NA,NA,3529,4179,3178,3950
"37","ID_99","8/9/2024","Fri","Aug","8-Aug",2024,"8/9/2024","8/9/2024","FOOTBALL","QB",1,1,341,341,318,318,8,8,430,432,441,425,3,NA,885,930,877,917,-1,-1,3,-1,42,45,NA,NA,NA,NA,NA,NA,NA,NA,NA,NA,NA,NA,60,60,1762,1853,NA,NA,NA,NA,4661,4416,4806,4432
"38","ID_103","8/9/2024","Fri","Aug","8-Aug",2024,"8/9/2024","8/9/2024","FOOTBALL","OL",1,1,591,591,582,582,1,1,648,656,730,706,5,NA,1373,1327,1361,1438,-1,7,-7,-4,41,29,682,682,677,677,1,1,685,685,743,743,8,8,52,52,2737,2782,NA,NA,NA,NA,4945,4156,4439,3987
"39","ID_98","8/9/2024","Fri","Aug","8-Aug",2024,"8/9/2024","8/9/2024","FOOTBALL","RB",1,1,480,500,561,519,11,10,365,410,557,485,25,NA,1233,1263,1235,1228,0,-3,16,10,0,40,NA,NA,NA,NA,NA,NA,NA,NA,NA,NA,NA,NA,72,79,2516,2548,1854,2906,NA,NA,3230,2340,3193,2707
"40","ID_115","8/9/2024","Fri","Aug","8-Aug",2024,"8/9/2024","8/9/2024","FOOTBALL","DL",1,1,491,491,556,556,11,11,617,564,1346,790,45,NA,1236,1148,1236,1177,0,3,-35,-20,0,16,407,407,390,390,4,4,450,450,426,426,5,5,107,83,2610,2451,2956,2799,NA,NA,5319,4045,1143,2391
"41","ID_118","8/9/2024","Fri","Aug","8-Aug",2024,"8/9/2024","8/9/2024","FOOTBALL","OL",1,1,667,667,620,620,8,8,825,825,591,591,-19,NA,1257,1257,1313,1313,4,4,12,12,28,28,403,403,393,393,3,3,524,524,516,516,2,2,45,45,2570,2570,NA,NA,NA,NA,1799,1799,2298,2298
"42","ID_176","8/9/2024","Fri","Aug","8-Aug",2024,"8/9/2024","8/9/2024","FOOTBALL","OL",1,1,479,431,518,443,8,6,697,699,628,643,-12,NA,1239,1253,1216,1186,-2,-5,12,4,39,34,NA,NA,NA,NA,NA,NA,NA,NA,NA,NA,NA,NA,51,49,2455,2448,NA,NA,NA,NA,4585,3742,4964,4288
"43","ID_192","8/9/2024","Fri","Aug","8-Aug",2024,"8/9/2024","8/9/2024","FOOTBALL","DB",1,1,284,307,278,270,1,11,330,348,377,361,1,NA,904,772,900,824,-1,2,7,-6,56,44,NA,NA,NA,NA,NA,NA,NA,NA,NA,NA,NA,NA,74,67,1804,1615,NA,NA,NA,NA,2004,1928,1789,1820
"44","ID_1","8/9/2024","Fri","Aug","8-Aug",2024,"8/9/2024","8/9/2024","FOOTBALL","LB",1,1,412,433,445,428,13,5,459,387,472,472,3,NA,1230,1105,1278,1168,4,6,-2,15,0,26,NA,NA,NA,NA,NA,NA,NA,NA,NA,NA,NA,NA,70,103,2508,2304,3496,3581,NA,NA,1647,2155,1849,2417
"45","ID_68","8/9/2024","Fri","Aug","8-Aug",2024,"8/9/2024","8/9/2024","FOOTBALL","OL",1,1,639,664,621,582,5,12,733,742,644,684,-12,NA,1624,1293,1409,1195,-13,-7,12,-2,40,20,NA,419,NA,480,NA,13,NA,605,NA,591,NA,2,54,54,3033,2489,NA,NA,NA,NA,5969,6632,6785,6421
"46","ID_70","8/9/2024","Fri","Aug","8-Aug",2024,"8/9/2024","8/9/2024","FOOTBALL","DB",1,1,484,436,493,462,1,4,434,405,386,410,-7,NA,870,861,864,888,-1,3,-16,-3,54,51,NA,379,NA,380,NA,0,NA,445,NA,450,NA,1,66,63,1734,1761,NA,NA,NA,NA,5676,4616,4766,4168
"47","ID_75","8/9/2024","Fri","Aug","8-Aug",2024,"8/9/2024","8/9/2024","FOOTBALL","DL",1,1,744,765,774,691,5,12,694,667,670,714,-3,NA,1310,1353,1334,1414,2,4,10,-8,38,33,NA,NA,NA,NA,NA,NA,NA,NA,NA,NA,NA,NA,49,49,2645,2814,NA,NA,NA,NA,4367,3559,4595,3172
"48","ID_84","8/9/2024","Fri","Aug","8-Aug",2024,"8/9/2024","8/9/2024","FOOTBALL","QB",1,1,479,482,497,456,0,6,491,492,563,542,14,NA,1037,1019,1241,1168,16,13,-6,5,46,46,NA,NA,NA,NA,NA,NA,NA,NA,NA,NA,NA,NA,61,61,2279,2241,NA,NA,NA,NA,4374,3913,4447,4385
"49","ID_110","8/9/2024","Fri","Aug","8-Aug",2024,"8/9/2024","8/9/2024","FOOTBALL","WR",1,1,433,433,393,393,8,8,441,489,452,532,1,NA,984,969,1032,1033,5,6,45,31,47,39,415,415,426,426,3,3,359,359,374,374,4,4,65,71,2016,2024,NA,NA,NA,NA,1530,1542,3266,2103
"50","ID_111","8/9/2024","Fri","Aug","8-Aug",2024,"8/9/2024","8/9/2024","FOOTBALL","DB",1,1,318,318,313,313,4,4,433,538,438,525,5,NA,1115,1102,1127,1111,1,1,-5,5,50,43,250,250,286,286,13,13,372,372,364,364,2,2,77,89,2304,2293,NA,NA,NA,NA,5277,5518,5043,5885
"51","ID_112","8/9/2024","Fri","Aug","8-Aug",2024,"8/9/2024","8/9/2024","FOOTBALL","DB",1,1,260,328,326,396,25,17,329,377,467,535,24,NA,847,894,1149,1144,26,22,18,16,53,39,419,419,441,441,5,5,466,466,446,446,4,4,76,82,1997,2039,NA,NA,NA,NA,4391,3529,5995,4160
"52","ID_113","8/9/2024","Fri","Aug","8-Aug",2024,"8/9/2024","8/9/2024","FOOTBALL","OL",1,1,703,703,546,546,23,23,801,799,801,806,-6,NA,1608,1563,1466,1463,-9,-6,-15,-8,24,23,431,431,429,429,0,0,606,606,599,599,1,1,43,42,3075,3081,NA,NA,NA,NA,5456,4346,3961,3349
"53","ID_114","8/9/2024","Fri","Aug","8-Aug",2024,"8/9/2024","8/9/2024","FOOTBALL","DB",1,1,574,574,458,458,14,14,429,537,476,516,5,NA,918,954,981,922,6,-3,14,12,51,47,323,323,316,316,2,2,501,501,517,517,3,3,66,70,1899,1886,NA,NA,NA,NA,4180,3841,4196,4742
"54","ID_117","8/9/2024","Fri","Aug","8-Aug",2024,"8/9/2024","8/9/2024","FOOTBALL","LB",1,1,447,399,457,437,8,11,843,647,1413,983,36,NA,1240,1244,1329,1261,7,1,2,8,0,6,378,378,377,377,0,0,440,440,457,457,4,4,110,84,2569,2505,3677,3457,NA,NA,3079,2968,3317,3389
"55","ID_131","8/9/2024","Fri","Aug","8-Aug",2024,"8/9/2024","8/9/2024","FOOTBALL","OL",1,1,578,578,679,679,14,14,680,720,945,912,28,NA,1410,1440,1627,1679,13,14,30,19,0,14,425,425,478,478,11,11,541,541,604,604,10,10,40,40,3038,3118,NA,NA,NA,NA,2532,3385,3599,4593
"56","ID_135","8/9/2024","Fri","Aug","8-Aug",2024,"8/9/2024","8/9/2024","FOOTBALL","TE",1,1,519,434,471,404,10,6,524,510,510,523,-1,NA,1079,1101,1120,1169,4,6,-22,-11,0,30,NA,NA,NA,NA,NA,NA,NA,NA,NA,NA,NA,NA,52,54,2199,2302,3963,3288,NA,NA,2488,3142,1716,2865
"57","ID_194","8/9/2024","Fri","Aug","8-Aug",2024,"8/9/2024","8/9/2024","FOOTBALL","RB",1,1,503,470,492,479,1,3,510,464,418,461,-15,NA,1099,1147,1152,1134,5,-1,-4,8,0,17,355,355,368,368,3,3,275,275,290,290,5,5,79,77,2252,2280,3814,3199,NA,NA,4672,4528,4342,4444
"58","ID_238","8/9/2024","Fri","Aug","8-Aug",2024,"8/9/2024","8/9/2024","FOOTBALL","RB",1,1,353,340,344,344,9,8,481,470,444,447,-4,NA,1116,1033,755,788,-32,-23,-8,-6,0,31,NA,NA,NA,NA,NA,NA,NA,NA,NA,NA,NA,NA,57,58,1872,1868,3208,3355,NA,NA,2724,2549,2109,2401
"59","ID_277","8/9/2024","Fri","Aug","8-Aug",2024,"8/9/2024","8/9/2024","FOOTBALL","TE",1,1,382,430,413,404,4,11,542,530,561,528,1,NA,1005,1128,1178,1217,15,7,1,0,0,37,NA,NA,NA,NA,NA,NA,NA,NA,NA,NA,NA,NA,58,65,2183,2364,3719,3327,NA,NA,5674,4938,5659,4761
"60","ID_279","8/9/2024","Fri","Aug","8-Aug",2024,"8/9/2024","8/9/2024","FOOTBALL","DB",1,1,485,423,485,458,0,7,437,427,415,393,-9,NA,1019,921,1074,1036,5,11,24,15,52,49,NA,NA,NA,NA,NA,NA,NA,NA,NA,NA,NA,NA,63,63,2093,1972,NA,NA,NA,NA,4263,2712,4002,3301
"61","ID_360","8/9/2024","Fri","Aug","8-Aug",2024,"8/9/2024","8/9/2024","FOOTBALL","QB",1,1,313,336,305,331,1,1,446,443,437,441,-1,NA,895,921,885,921,-1,0,10,9,47,46,NA,NA,NA,NA,NA,NA,NA,NA,NA,NA,NA,NA,57,55,1780,1857,NA,NA,NA,NA,6166,4522,5889,4925
"62","ID_582","8/9/2024","Fri","Aug","8-Aug",2024,"8/9/2024","8/9/2024","FOOTBALL","RB",1,1,NA,NA,NA,NA,NA,NA,399,406,464,457,14,NA,854,844,1058,1065,19,21,-3,9,48,46,NA,NA,NA,NA,NA,NA,NA,NA,NA,NA,NA,NA,66,66,1912,1915,NA,NA,NA,NA,1890,1562,1832,2023
"63","ID_532","8/9/2024","Fri","Aug","8-Aug",2024,"8/9/2024","8/9/2024","FOOTBALL","DB",1,1,211,237,301,306,30,23,355,391,454,399,5,NA,917,874,996,911,8,4,-3,3,46,47,NA,NA,NA,NA,NA,NA,NA,NA,NA,NA,NA,NA,66,68,1912,1794,NA,NA,NA,NA,3685,3088,4058,3102
"64","ID_508","8/9/2024","Fri","Aug","8-Aug",2024,"8/9/2024","8/9/2024","FOOTBALL","DB",1,1,NA,428,NA,428,NA,3,418,422,412,422,7,NA,844,912,912,886,7,1,23,8,52,45,NA,NA,NA,NA,NA,NA,NA,NA,NA,NA,NA,NA,60,59,1769,1789,NA,NA,NA,NA,4201,2758,5177,3055
"65","ID_227","8/9/2024","Fri","Aug","8-Aug",2024,"8/9/2024","8/9/2024","FOOTBALL","LB",1,1,497,497,345,386,30,22,524,505,464,478,-10,NA,1250,1172,1240,1059,-1,-10,5,5,0,45,NA,NA,NA,NA,NA,NA,NA,NA,NA,NA,NA,NA,70,65,2490,2276,3619,3167,NA,NA,5454,6178,5221,6292
"66","ID_602","8/9/2024","Fri","Aug","8-Aug",2024,"8/9/2024","8/9/2024","FOOTBALL","DL",1,1,432,432,482,482,16,16,615,582,563,557,-9,NA,1085,1049,1100,1090,1,3,4,13,38,35,NA,NA,NA,NA,NA,NA,NA,NA,NA,NA,NA,NA,48,48,2185,2146,NA,NA,NA,NA,2546,3020,2822,3446
"67","ID_522","8/9/2024","Fri","Aug","8-Aug",2024,"8/9/2024","8/9/2024","FOOTBALL","WR",1,1,311,341,287,337,8,17,505,447,408,438,-19,NA,1202,1020,1147,986,-5,-3,52,11,51,48,NA,224,NA,256,NA,12,NA,291,NA,315,NA,8,77,69,2349,2052,NA,NA,NA,NA,1557,2007,3268,2314
"68","ID_50","8/9/2024","Fri","Aug","8-Aug",2024,"8/9/2024","8/9/2024","FOOTBALL","DL",1,1,600,614,729,654,15,7,730,772,790,765,5,NA,1393,1387,1357,1392,-3,0,-4,-10,30,27,NA,NA,NA,NA,NA,NA,NA,NA,NA,NA,NA,NA,46,46,2801,2851,NA,NA,NA,NA,6250,4959,3666,4435
"69","ID_91","8/9/2024","Fri","Aug","8-Aug",2024,"8/9/2024","8/9/2024","FOOTBALL","QB",1,1,425,390,449,408,4,5,511,531,514,479,0,NA,1064,1057,1041,1057,-2,0,-22,0,40,37,NA,NA,NA,NA,NA,NA,NA,NA,NA,NA,NA,NA,55,57,2106,2122,NA,NA,NA,NA,3602,3214,2577,3229
"70","ID_433","8/9/2024","Fri","Aug","8-Aug",2024,"8/9/2024","8/9/2024","FOOTBALL","WR",1,1,366,379,418,402,12,7,336,310,396,408,12,NA,829,855,847,821,2,-4,0,9,50,45,NA,NA,NA,NA,NA,NA,NA,NA,NA,NA,NA,NA,62,61,1676,1694,NA,NA,NA,NA,3760,2858,4497,3511
"71","ID_420","8/9/2024","Fri","Aug","8-Aug",2024,"8/9/2024","8/9/2024","FOOTBALL","OL",1,1,491,443,439,395,8,9,598,585,810,782,27,NA,1429,1268,1502,1327,5,8,33,16,36,35,NA,NA,NA,NA,NA,NA,NA,NA,NA,NA,NA,NA,56,67,2932,2665,NA,NA,NA,NA,4591,6018,7400,7032
"72","ID_88","8/9/2024","Fri","Aug","8-Aug",2024,"8/9/2024","8/9/2024","FOOTBALL","LB",1,1,NA,358,NA,351,NA,1,582,568,512,498,-9,NA,591,1075,519,1173,-12,7,4,-12,0,31,NA,NA,NA,NA,NA,NA,NA,NA,NA,NA,NA,NA,62,68,1115,2263,NA,NA,NA,NA,3107,4721,3280,4007
"73","ID_583","8/9/2024","Fri","Aug","8-Aug",2024,"8/9/2024","8/9/2024","FOOTBALL","Specialist",1,1,462,450,466,432,5,5,400,403,449,420,12,NA,839,816,937,817,11,-2,20,9,41,36,NA,NA,NA,NA,NA,NA,NA,NA,NA,NA,NA,NA,57,63,1794,1640,NA,NA,NA,NA,1919,2068,1991,2175
"74","ID_368","8/9/2024","Fri","Aug","8-Aug",2024,"8/9/2024","8/9/2024","FOOTBALL","LB",1,1,436,472,444,422,3,10,529,506,528,547,4,NA,1414,1305,1227,1339,-13,3,-16,2,0,34,NA,NA,NA,NA,NA,NA,NA,NA,NA,NA,NA,NA,64,67,2668,2669,4084,3909,NA,NA,3175,3067,2811,3218
"75","ID_595","8/9/2024","Fri","Aug","8-Aug",2024,"8/9/2024","8/9/2024","FOOTBALL","DB",1,1,450,394,471,459,9,14,420,431,482,467,14,NA,895,963,1030,994,13,3,4,2,53,49,NA,NA,NA,NA,NA,NA,NA,NA,NA,NA,NA,NA,63,65,1925,1980,NA,NA,NA,NA,3296,3442,4271,3711
"76","ID_525","8/9/2024","Fri","Aug","8-Aug",2024,"8/9/2024","8/9/2024","FOOTBALL","Specialist",1,1,537,537,534,518,3,5,577,571,583,595,5,NA,1013,991,1208,1120,16,11,45,47,30,29,NA,NA,NA,NA,NA,NA,NA,NA,NA,NA,NA,NA,47,45,2241,2131,NA,NA,NA,NA,1957,1925,3743,3840
"77","ID_221","8/9/2024","Fri","Aug","8-Aug",2024,"8/9/2024","8/9/2024","FOOTBALL","DB",1,1,326,308,295,290,12,8,367,373,423,403,14,NA,876,868,1002,965,13,10,31,-1,46,48,NA,NA,NA,NA,NA,NA,NA,NA,NA,NA,NA,NA,71,71,1878,1866,NA,NA,NA,NA,1650,2541,3192,2614
"78","ID_584","8/9/2024","Fri","Aug","8-Aug",2024,"8/9/2024","8/9/2024","","",1,1,NA,NA,NA,NA,NA,NA,491,491,525,525,13,NA,1162,1162,1561,1561,26,26,41,41,35,35,NA,NA,NA,NA,NA,NA,NA,NA,NA,NA,NA,NA,67,67,2727,2727,NA,NA,NA,NA,1886,1886,3219,3219
"79","ID_222","8/9/2024","Fri","Aug","8-Aug",2024,"8/9/2024","8/9/2024","FOOTBALL","OL",1,1,552,410,537,434,0,11,579,611,692,659,16,NA,1256,1228,1491,1375,16,11,19,10,31,33,NA,274,NA,283,NA,3,NA,461,NA,456,NA,1,54,51,2747,2736,NA,NA,NA,NA,4249,5023,5470,5473
"80","ID_490","8/9/2024","Fri","Aug","8-Aug",2024,"8/9/2024","8/9/2024","FOOTBALL","Specialist",1,1,406,429,450,440,8,5,469,481,508,517,11,NA,1004,933,1037,968,3,3,29,20,49,44,NA,NA,NA,NA,NA,NA,NA,NA,NA,NA,NA,NA,61,56,2041,1933,NA,NA,NA,NA,3445,3267,4933,4146
"81","ID_342","8/9/2024","Fri","Aug","8-Aug",2024,"8/9/2024","8/9/2024","FOOTBALL","WR",1,1,421,331,346,320,18,17,290,314,389,355,20,NA,763,698,774,725,2,4,6,8,50,50,NA,NA,NA,NA,NA,NA,NA,NA,NA,NA,NA,NA,64,60,1537,1430,NA,NA,NA,NA,1897,1714,1666,1962
"82","ID_485","8/9/2024","Fri","Aug","8-Aug",2024,"8/9/2024","8/9/2024","FOOTBALL","DL",1,1,561,589,673,672,14,10,645,615,626,637,1,NA,1244,1169,1444,1347,14,12,-10,-14,42,41,NA,NA,NA,NA,NA,NA,NA,NA,NA,NA,NA,NA,61,62,2688,2545,NA,NA,NA,NA,4734,4651,4473,3814
"83","ID_489","8/9/2024","Fri","Aug","8-Aug",2024,"8/9/2024","8/9/2024","FOOTBALL","DL",1,1,483,400,436,357,10,9,625,609,611,645,-1,NA,1370,1286,1295,1348,-6,3,-2,-10,44,41,NA,NA,NA,NA,NA,NA,NA,NA,NA,NA,NA,NA,61,68,2732,2706,NA,NA,NA,NA,6885,7196,7243,6666
"84","ID_245","8/9/2024","Fri","Aug","8-Aug",2024,"8/9/2024","8/9/2024","FOOTBALL","LB",1,1,488,483,499,467,1,4,487,499,538,489,6,NA,714,1079,703,951,-2,-15,-6,-3,0,32,NA,479,NA,487,NA,2,NA,525,NA,512,NA,3,64,66,1417,2037,3690,3557,NA,NA,3229,3786,3035,3474
"85","ID_446","8/9/2024","Fri","Aug","8-Aug",2024,"8/9/2024","8/9/2024","FOOTBALL","Specialist",1,1,348,348,352,352,1,1,NA,NA,NA,NA,NA,NA,NA,NA,NA,NA,NA,NA,NA,NA,0,0,NA,NA,NA,NA,NA,NA,NA,NA,NA,NA,NA,NA,NA,NA,NA,NA,NA,NA,NA,NA,NA,NA,NA,NA
"86","ID_430","8/9/2024","Fri","Aug","8-Aug",2024,"8/9/2024","8/9/2024","FOOTBALL","Specialist",1,1,435,430,432,428,1,3,443,423,435,444,6,NA,1051,984,1029,956,-2,-3,-33,-9,38,34,NA,NA,NA,NA,NA,NA,NA,NA,NA,NA,NA,NA,59,57,2081,1941,NA,NA,NA,NA,5337,2199,4181,2029
"87","ID_226","8/9/2024","Fri","Aug","8-Aug",2024,"8/9/2024","8/9/2024","FOOTBALL","DL",1,1,711,687,721,713,3,4,653,649,676,679,-3,NA,1147,1104,1453,1240,21,11,61,40,31,27,NA,NA,NA,NA,NA,NA,NA,NA,NA,NA,NA,NA,49,47,2601,2457,NA,NA,NA,NA,1774,2491,5714,4254
"88","ID_229","8/9/2024","Fri","Aug","8-Aug",2024,"8/9/2024","8/9/2024","FOOTBALL","WR",1,1,411,375,382,362,1,1,344,341,397,382,14,NA,788,840,928,909,15,7,33,23,42,49,NA,382,NA,361,NA,5,NA,365,NA,392,NA,7,64,69,1718,1757,NA,NA,NA,NA,4134,3492,7784,4582
"89","ID_220","8/9/2024","Fri","Aug","8-Aug",2024,"8/9/2024","8/9/2024","FOOTBALL","OL",1,1,514,472,510,480,0,0,531,540,688,670,23,NA,1062,1083,1084,1070,2,-1,-8,17,32,28,NA,NA,NA,NA,NA,NA,NA,NA,NA,NA,NA,NA,43,41,2178,2161,NA,NA,NA,NA,3662,2914,2674,3214
"90","ID_414","8/9/2024","Fri","Aug","8-Aug",2024,"8/9/2024","8/9/2024","FOOTBALL","LB",1,1,546,543,532,546,3,6,433,452,561,565,22,NA,952,1045,1074,1155,11,9,27,5,0,37,NA,613,NA,591,NA,4,NA,461,NA,494,NA,7,52,57,2162,2234,5006,4683,NA,NA,1764,2776,2510,3028
"91","ID_507","8/9/2024","Fri","Aug","8-Aug",2024,"8/9/2024","8/9/2024","FOOTBALL","DL",1,1,525,534,523,489,3,13,523,518,590,586,12,NA,1203,1187,1234,1160,3,-2,-28,-1,0,46,NA,NA,NA,NA,NA,NA,NA,NA,NA,NA,NA,NA,72,67,2437,2366,3144,3144,NA,NA,4078,3122,2552,3258
"92","ID_464","8/9/2024","Fri","Aug","8-Aug",2024,"8/9/2024","8/9/2024","FOOTBALL","DL",1,1,254,315,223,295,12,9,486,518,584,522,13,NA,1342,1085,1451,1230,8,8,-20,-7,0,29,NA,NA,NA,NA,NA,NA,NA,NA,NA,NA,NA,NA,70,66,2793,2299,3463,3938,NA,NA,5793,3988,3992,3502
"93","ID_65","8/9/2024","Fri","Aug","8-Aug",2024,"8/9/2024","8/9/2024","FOOTBALL","OL",1,1,540,549,549,529,2,6,788,755,685,706,-13,NA,1295,1367,1235,1272,-5,-7,-24,-8,22,29,NA,NA,NA,NA,NA,NA,NA,NA,NA,NA,NA,NA,44,46,2530,2663,NA,NA,NA,NA,4362,3933,3336,3554
"94","ID_155","8/9/2024","Fri","Aug","8-Aug",2024,"8/9/2024","8/9/2024","FOOTBALL","DB",1,1,508,499,491,426,3,14,409,400,409,414,0,NA,965,852,913,859,-5,1,13,7,62,55,NA,296,NA,292,NA,1,NA,371,NA,390,NA,5,76,66,1894,1743,NA,NA,NA,NA,5146,4627,5968,4943
"95","ID_175","8/9/2024","Fri","Aug","8-Aug",2024,"8/9/2024","8/9/2024","FOOTBALL","DB",1,1,NA,437,NA,438,NA,3,424,441,443,418,3,NA,860,664,1352,987,36,31,13,33,0,30,NA,NA,NA,NA,NA,NA,NA,NA,NA,NA,NA,NA,68,57,2212,1693,NA,NA,NA,NA,3004,2613,3094,3829
"96","ID_246","8/9/2024","Fri","Aug","8-Aug",2024,"8/9/2024","8/9/2024","FOOTBALL","TE",1,1,579,543,589,576,4,7,535,543,639,575,14,NA,1134,1093,1243,1189,9,8,-2,17,0,30,NA,NA,NA,NA,NA,NA,NA,NA,NA,NA,NA,NA,54,53,2377,2322,3958,3369,NA,NA,3243,3046,2720,3759
"97","ID_269","8/9/2024","Fri","Aug","8-Aug",2024,"8/9/2024","8/9/2024","FOOTBALL","Specialist",1,1,361,376,485,467,22,21,463,443,442,464,5,NA,942,916,951,894,1,-2,26,24,40,36,NA,NA,NA,NA,NA,NA,NA,NA,NA,NA,NA,NA,59,56,1896,1821,NA,NA,NA,NA,3285,3036,4703,3829
"98","ID_413","8/9/2024","Fri","Aug","8-Aug",2024,"8/9/2024","8/9/2024","FOOTBALL","LB",1,1,493,464,467,447,5,3,561,552,449,441,-20,NA,1094,1047,859,871,-22,-17,-6,-5,0,33,NA,NA,NA,NA,NA,NA,NA,NA,NA,NA,NA,NA,57,57,1953,1937,3233,3220,NA,NA,3474,3730,3406,3450
"99","ID_415","8/9/2024","Fri","Aug","8-Aug",2024,"8/9/2024","8/9/2024","FOOTBALL","WR",1,1,375,351,393,355,4,5,NA,406,NA,385,NA,NA,NA,841,NA,692,NA,-16,NA,-12,NA,32,NA,NA,NA,NA,NA,NA,NA,NA,NA,NA,NA,NA,NA,52,NA,1527,NA,NA,NA,NA,NA,2003,NA,1720
"100","ID_78","8/9/2024","Fri","Aug","8-Aug",2024,"8/9/2024","8/9/2024","FOOTBALL","DL",1,1,374,446,326,367,7,16,NA,552,NA,507,NA,NA,NA,1061,NA,1092,NA,3,NA,23,0,31,NA,NA,NA,NA,NA,NA,NA,NA,NA,NA,NA,NA,NA,56,NA,2225,3040,2647,NA,NA,NA,2333,NA,3050
"101","ID_230","8/9/2024","Fri","Aug","8-Aug",2024,"8/9/2024","8/9/2024","FOOTBALL","DB",1,1,519,473,452,432,13,11,439,442,479,456,9,NA,1184,1107,1198,1152,1,4,3,4,53,50,NA,NA,NA,NA,NA,NA,NA,NA,NA,NA,NA,NA,77,74,2382,2298,NA,NA,NA,NA,4738,3792,4994,3978
"102","ID_100","8/9/2024","Fri","Aug","8-Aug",2024,"8/9/2024","8/9/2024","FOOTBALL","DL",1,1,526,493,557,454,7,17,591,594,595,593,-2,NA,1213,1103,1244,1164,3,5,9,6,41,38,NA,NA,NA,NA,NA,NA,NA,NA,NA,NA,NA,NA,55,50,2457,2300,NA,NA,NA,NA,1974,2336,2357,2628
"103","ID_386","8/9/2024","Fri","Aug","8-Aug",2024,"8/9/2024","8/9/2024","FOOTBALL","DB",1,1,413,432,455,454,4,2,367,314,574,595,41,NA,1051,894,1466,1261,28,29,12,20,51,40,NA,NA,NA,NA,NA,NA,NA,NA,NA,NA,NA,NA,76,71,2519,2211,NA,NA,NA,NA,3449,2550,4129,3091
"104","ID_526","8/9/2024","Fri","Aug","8-Aug",2024,"8/9/2024","8/9/2024","FOOTBALL","WR",1,1,448,392,447,395,9,8,464,431,306,314,-25,NA,750,821,716,721,-5,-12,-15,-21,41,40,NA,NA,NA,NA,NA,NA,NA,NA,NA,NA,NA,NA,56,56,1466,1549,NA,NA,NA,NA,1381,1792,1476,1307
"105","ID_224","8/9/2024","Fri","Aug","8-Aug",2024,"8/9/2024","8/9/2024","FOOTBALL","DL",1,1,366,343,456,384,18,11,566,559,576,595,-1,NA,1230,1244,1189,1254,-3,1,-1,-12,0,34,NA,NA,NA,NA,NA,NA,NA,NA,NA,NA,NA,NA,60,62,2419,2502,3003,3114,NA,NA,5306,5416,6763,5255
"106","ID_608","8/9/2024","Fri","Aug","8-Aug",2024,"8/9/2024","8/9/2024","FOOTBALL","LB",1,1,428,420,397,358,7,13,551,478,479,453,-11,NA,1088,953,1149,1037,5,8,-8,-22,0,43,NA,NA,NA,NA,NA,NA,NA,NA,NA,NA,NA,NA,57,63,2313,2013,3680,3560,NA,NA,2240,3594,2431,2789
"107","ID_80","8/9/2024","Fri","Aug","8-Aug",2024,"8/9/2024","8/9/2024","FOOTBALL","WR",1,1,428,428,389,389,9,9,NA,NA,NA,NA,NA,NA,NA,NA,NA,NA,NA,NA,NA,NA,NA,NA,NA,NA,NA,NA,NA,NA,NA,NA,NA,NA,NA,NA,NA,NA,NA,NA,NA,NA,NA,NA,NA,NA,NA,NA
"108","ID_306","8/9/2024","Fri","Aug","8-Aug",2024,"8/9/2024","8/9/2024","FOOTBALL","TE",1,1,633,617,632,623,0,9,560,556,602,588,10,NA,1360,1240,1464,1317,7,6,2,17,0,23,NA,NA,NA,NA,NA,NA,NA,NA,NA,NA,NA,NA,60,55,2824,2589,3562,3857,NA,NA,4824,2888,3379,3242
"109","ID_33","8/9/2024","Fri","Aug","8-Aug",2024,"8/9/2024","8/9/2024","FOOTBALL","Specialist",1,1,384,384,473,473,15,15,NA,NA,NA,NA,NA,NA,NA,NA,NA,NA,NA,NA,NA,NA,NA,NA,NA,NA,NA,NA,NA,NA,NA,NA,NA,NA,NA,NA,NA,NA,NA,NA,NA,NA,NA,NA,NA,NA,NA,NA
"110","ID_51","8/9/2024","Fri","Aug","8-Aug",2024,"8/9/2024","8/9/2024","FOOTBALL","DB",1,1,404,358,403,365,0,6,NA,NA,NA,NA,NA,NA,NA,NA,NA,NA,NA,NA,NA,NA,NA,NA,NA,NA,NA,NA,NA,NA,NA,NA,NA,NA,NA,NA,NA,NA,NA,NA,NA,NA,NA,NA,NA,NA,NA,NA
"111","ID_236","8/9/2024","Fri","Aug","8-Aug",2024,"8/9/2024","8/9/2024","FOOTBALL","QB",1,1,NA,450,NA,398,NA,12,420,433,502,483,14,NA,901,880,1006,967,10,7,49,19,44,36,NA,355,NA,355,NA,0,NA,390,NA,414,NA,6,54,50,1909,1836,NA,NA,NA,NA,1884,2167,3816,3114
"112","ID_54","8/9/2024","Fri","Aug","8-Aug",2024,"8/9/2024","8/9/2024","FOOTBALL","DL",1,1,565,565,638,638,11,11,606,691,545,948,-12,NA,1159,1160,1432,1338,19,13,-2,-1,0,18,535,535,498,498,7,7,663,663,683,683,3,3,64,78,2591,2511,3854,3753,NA,NA,3043,3442,2576,3383
"113","ID_90","8/9/2024","Fri","Aug","8-Aug",2024,"8/9/2024","8/9/2024","FOOTBALL","OL",1,1,771,533,776,572,1,7,789,741,682,720,-14,NA,1460,1265,1552,1299,6,2,-8,-8,37,24,NA,NA,NA,NA,NA,NA,NA,NA,NA,NA,NA,NA,56,56,3186,2631,NA,NA,NA,NA,5060,6238,5224,5716
"114","ID_93","8/9/2024","Fri","Aug","8-Aug",2024,"8/9/2024","8/9/2024","FOOTBALL","WR",1,1,482,469,471,463,3,2,379,356,367,376,-3,NA,996,918,1162,991,14,7,40,3,50,40,NA,NA,NA,NA,NA,NA,NA,NA,NA,NA,NA,NA,78,70,2157,1957,NA,NA,NA,NA,1385,2019,2297,2012
