"","anon_id","Date","Status","Notes"
"1","ID_6","4/23/2025","Low",""
"2","ID_83","4/3/2025","High","4/3 incident w L side. Monitor."
"3","ID_220","4/3/2025","High",""
"4","ID_85","2/27/2025","High",""
"5","ID_414","2/27/2025","Routine",""
"6","ID_285","2/27/2025","High",""
"7","ID_522","2/27/2025","High",""
"8","ID_227","2/27/2025","High","RETEST"
"9","ID_194","2/27/2025","Low","data normal, but in-season symptoms"
"10","ID_50","2/27/2025","Low","previous injury hx"
"11","ID_59","2/27/2025","Routine",""
"12","ID_51","2/27/2025","Routine","asymmetry, previous injury hx"
"13","ID_289","2/27/2025","Routine",""
"14","ID_88","2/27/2025","Routine",""
"15","ID_114","2/27/2025","Routine",""
"16","ID_92","2/27/2025","Low",""
"17","ID_129","2/27/2025","Routine",""
"18","ID_89","2/27/2025","Routine",""
"19","ID_415","2/27/2025","Medium",""
"20","ID_351","2/27/2025","Routine",""
"21","ID_193","2/27/2025","Routine",""
"22","ID_246","2/27/2025","Routine",""
"23","ID_238","2/27/2025","High",""
"24","ID_282","2/27/2025","Routine",""
"25","ID_217","2/27/2025","Routine",""
"26","ID_430","2/27/2025","Routine",""
"27","ID_62","2/27/2025","Medium",""
"28","ID_306","2/27/2025","Routine",""
"29","ID_90","2/27/2025","Routine",""
"30","ID_291","2/27/2025","Medium",""
"31","ID_259","2/27/2025","Routine",""
"32","ID_87","2/27/2025","High",""
"33","ID_525","2/27/2025","Routine",""
"34","ID_132","2/27/2025","Routine",""
"35","ID_206","2/27/2025","Medium","overall strength"
"36","ID_464","2/27/2025","Low",""
"37","ID_489","2/27/2025","Routine",""
"38","ID_112","2/27/2025","High","RETEST"
"39","ID_117","2/27/2025","High",""
"40","ID_74","2/27/2025","Routine",""
"41","ID_111","2/27/2025","Routine",""
"42","ID_433","2/27/2025","Routine",""
"43","ID_595","2/27/2025","Medium","asymmetry, downward trend"
"44","ID_247","2/27/2025","Routine",""
"45","ID_446","2/27/2025","Routine",""
"46","ID_258","2/27/2025","High",""
"47","ID_98","2/27/2025","High",""
"48","ID_350","2/27/2025","Medium","overall weakness"
"49","ID_260","2/27/2025","High","overall weakness"
"50","ID_56","2/27/2025","Medium",""
"51","ID_69","2/27/2025","Routine",""
"52","ID_380","2/27/2025","Routine",""
"53","ID_93","2/27/2025","Routine",""
"54","ID_224","2/27/2025","Routine",""
"55","ID_532","2/27/2025","Medium",""
"56","ID_443","2/27/2025","Routine",""
"57","ID_100","2/27/2025","Routine",""
"58","ID_80","2/27/2025","Routine",""
"59","ID_311","2/27/2025","Routine",""
"60","ID_413","2/27/2025","Routine",""
"61","ID_58","2/27/2025","Low",""
"62","ID_292","2/27/2025","Routine",""
"63","ID_95","2/27/2025","High",""
"64","ID_288","2/27/2025","Routine",""
"65","ID_249","2/27/2025","Routine",""
"66","ID_180","2/27/2025","High","previous injury hx??"
"67","ID_582","2/27/2025","Medium",""
"68","ID_342","2/27/2025","Low",""
"69","ID_334","2/27/2025","Routine",""
"70","ID_66","2/27/2025","Routine",""
"71","ID_226","2/27/2025","Routine",""
"72","ID_251","2/27/2025","Routine",""
"73","ID_48","2/27/2025","Routine",""
"74","ID_287","2/27/2025","Routine",""
"75","ID_195","2/27/2025","High","RETEST"
"76","ID_218","2/27/2025","Routine",""
"77","ID_159","2/27/2025","Routine",""
"78","ID_298","2/27/2025","Low",""
"79","ID_79","2/27/2025","Routine",""
"80","ID_178","2/27/2025","Routine",""
"81","ID_221","2/27/2025","Routine",""
"82","ID_126","2/27/2025","Routine",""
"83","ID_269","2/27/2025","Routine",""
"84","ID_63","2/27/2025","Routine",""
"85","ID_310","2/27/2025","Routine",""
"86","ID_86","2/27/2025","High",""
"87","ID_34","2/27/2025","Routine",""
"88","ID_60","2/27/2025","Routine",""
"89","ID_307","2/27/2025","High",""
"90","ID_222","2/27/2025","Routine",""
"91","ID_420","2/27/2025","Medium","NEEDS RETEST"
"92","ID_82","2/27/2025","Routine",""
"93","ID_386","2/27/2025","Routine",""
"94","ID_130","2/27/2025","Routine",""
"95","ID_99","2/27/2025","Low",""
"96","ID_113","2/27/2025","Routine",""
"97","ID_507","2/27/2025","Medium",""
"98","ID_360","2/27/2025","Low","overall strength"
"99","ID_78","2/27/2025","Routine","RETEST when healthy - downward trend"
"100","ID_70","2/27/2025","High","recent asymmetry trend - retest this week"
"101","ID_18","11/18/2024","High","Prioirity retest after season"
"102","ID_98","10/23/2024","High","Monitor RTP"
"103","ID_194","10/23/2024","High","Monitor due to injury and contribution."
"104","ID_50","9/13/2024","High","Asymmetry since recent injury, keep watching with increased loads"
"105","ID_87","8/14/2024","High","Trending up. Now wearing Catapult"
"106","ID_143","8/14/2024","High","Positive trend, but keep watching closely. Consistently high HSD during practice."
"107","ID_83","8/14/2024","High","Force returned to baseline. Test again next week"
"108","ID_95","8/14/2024","High","Watch trend post-injury"
"109","ID_82","8/7/2024","High","Asymmetry increasing throughout summer."
"110","ID_112","8/7/2024","High","Trending down. Retest"
"111","ID_51","8/7/2024","Medium","Strength improved. Test occurred post-practice and post-lift."
"112","ID_342","8/7/2024","High","Flags in every category. Trending up"
"113","ID_85","8/7/2024","High",""
"114","ID_222","8/7/2024","High","Keep monitoring"
"115","ID_32","8/7/2024","High","Trending down."
"116","ID_192","8/7/2024","High","Re-test."
"117","ID_464","8/7/2024","High","Significant Weakness and trending down."
"118","ID_522","8/7/2024","High","Monitor through RTP"
"119","ID_6","8/7/2024","Medium","Asymmetry & Weakness, Injury L 6.4.24"
"120","ID_306","8/7/2024","High","Trending down"
"121","ID_86","8/7/2024","High","Trending down. WR = highest amount of HSD yds this week."
"122","ID_224","8/7/2024","High","FLAGS IN EVERY CATEGORY"
"123","ID_532","8/7/2024","Routine","Overall Weakness & Asymmetry"
"124","ID_88","8/6/2024","Routine","Injured"
"125","ID_74","8/6/2024","Low","Overall Weakness"
"126","ID_117","8/6/2024","Low","Trending positively."
"127","ID_229","8/6/2024","Low","Trending positively"
"128","ID_227","8/6/2024","Medium",""
"129","ID_237","8/6/2024","Medium","Previous injury, Overall Weakness. NEED RETEST"
"130","ID_236","8/6/2024","Medium","NEED RETEST"
"131","ID_78","8/6/2024","Low",""
"132","ID_92","8/6/2024","Routine","will retest"
"133","ID_68","8/6/2024","Routine",""
"134","ID_415","8/6/2024","Low","Monitor as part of RTP."
"135","ID_221","8/6/2024","Low","Overall Weakness & Asymmetry"
"136","ID_71","8/6/2024","Low","Overall Weakness & Asymmetry"
"137","ID_135","8/6/2024","Low","Trending up."
"138","ID_155","8/6/2024","Routine","Recent testing good. Monitor as normal."
"139","ID_114","8/6/2024","Routine","Asymmetry"
"140","ID_176","8/6/2024","Low","Overall Weakness. Trending up"
"141","ID_69","8/6/2024","Routine","Asymmetry"
"142","ID_111","8/6/2024","Low","Overall Weakness"
"143","ID_245","8/6/2024","Routine",""
"144","ID_34","8/6/2024","High","Retest since injury"
"145","ID_485","8/6/2024","Routine",""
"146","ID_48","8/6/2024","Low","Need to retest for asymmetry"
"147","ID_131","8/6/2024","Routine","Asymmetry"
"148","ID_298","8/6/2024","Low","Trending positively."
"149","ID_33","8/6/2024","Routine",""
"150","ID_368","8/6/2024","Routine","No longer complains of tightness."
"151","ID_608","8/6/2024","Low",""
"152","ID_360","7/26/2024","Low",""
"153","ID_368","7/26/2024","Medium","to retest 7/28."
"154","ID_65","7/23/2024","Medium","H:Q Ratio. First CU fall camp."
"155","ID_489","7/11/2024","Medium","Overall Weakness"
"156","ID_35","7/9/2024","Medium",""
"157","ID_76","6/27/2024","Routine",""
"158","ID_75","6/27/2024","Routine",""
"159","ID_509","6/27/2024","Routine",""
"160","ID_430","6/27/2024","Routine",""
"161","ID_70","6/27/2024","Medium","Injury History; first CU fall camp."
"162","ID_89","6/27/2024","Low","Overall Weakness"
"163","ID_226","6/27/2024","Routine",""
"164","ID_420","6/27/2024","Medium","Previous Injury, Trend"
"165","ID_433","6/27/2024","Routine",""
"166","ID_118","6/27/2024","Routine",""
"167","ID_246","6/27/2024","Routine",""
"168","ID_413","6/27/2024","Routine",""
"169","ID_269","6/27/2024","Routine",""
"170","ID_61","6/27/2024","Routine",""
"171","ID_50","6/27/2024","Routine",""
"172","ID_490","6/27/2024","Routine",""
"173","ID_175","6/27/2024","Routine",""
"174","ID_103","6/27/2024","Routine",""
"175","ID_59","6/27/2024","Routine",""
"176","ID_62","6/27/2024","Medium","Asymmetry"
"177","ID_54","6/27/2024","Routine",""
"178","ID_115","6/27/2024","Routine",""
"179","ID_90","6/27/2024","Routine",""
"180","ID_66","6/27/2024","Routine",""
"181","ID_414","6/27/2024","Routine",""
"182","ID_583","6/27/2024","Routine",""
"183","ID_60","6/27/2024","Routine",""
"184","ID_58","6/27/2024","Low","Overall Weakness"
"185","ID_53","6/27/2024","Medium","Overall Weakness"
"186","ID_93","6/27/2024","Routine",""
"187","ID_36","6/27/2024","Routine",""
"188","ID_446","6/27/2024","Routine",""
"189","ID_11","6/27/2024","Routine",""
"190","ID_608","6/27/2024","Routine",""
"191","ID_56","6/27/2024","High","R HSI - 6.5.24"
"192","ID_602","6/27/2024","Routine",""
"193","ID_100","6/27/2024","Routine",""
"194","ID_1","6/27/2024","Low","Current Trend"
"195","ID_80","6/27/2024","Routine",""
"196","ID_595","6/27/2024","Routine",""
"197","ID_94","6/27/2024","Low","Overall Weakness"
"198","ID_526","6/27/2024","Routine",""
"199","ID_507","6/27/2024","Medium","Asymmetry"
"200","ID_91","6/27/2024","Low","Previous Injury - Monitor"
"201","ID_63","6/27/2024","Routine",""
"202","ID_79","6/27/2024","Routine",""
"203","ID_84","6/27/2024","Routine",""
"204","ID_386","6/27/2024","Routine",""
"205","ID_230","6/27/2024","Routine",""
"206","ID_525","6/27/2024","Routine",""
"207","ID_279","6/27/2024","Routine",""
"208","ID_292","6/27/2024","Routine",""
"209","ID_508","6/27/2024","Routine",""
"210","ID_110","6/27/2024","Routine",""
"211","ID_238","6/27/2024","Routine",""
"212","ID_99","6/27/2024","Low","Overall Weakness"
"213","ID_277","6/27/2024","Medium","Asymmetry"
"214","ID_113","6/27/2024","Low","Asymmetry"
"215","ID_220","6/27/2024","Routine",""
